id,receive_time
0,1687773342.2965553
1,1687773350.2775483
2,1687773358.281562
3,1687773366.3048968
4,1687773374.3354104
5,1687773382.3050196
6,1687773390.3275812
7,1687773398.32075
8,1687773406.3316822
9,1687773414.3369124
10,1687773422.3558018
11,1687773430.3648531
12,1687773438.367936
13,1687773446.3675904
14,1687773454.3992074
15,1687773462.3793364
16,1687773470.3994732
17,1687773478.4118028
18,1687773486.4065394
19,1687773494.4085364
20,1687773502.4333277
21,1687773510.4179456
22,1687773518.4335644
23,1687773526.4386663
24,1687773534.451525
25,1687773542.4466312
26,1687773550.4551666
27,1687773558.4621093
28,1687773566.4714057
29,1687773574.4785006
30,1687773582.4900484
31,1687773590.5048997
32,1687773598.5085893
33,1687773606.5214574
34,1687773614.5520713
35,1687773622.5526252
36,1687773630.5495207
37,1687773638.5695937
38,1687773646.586616
39,1687773654.5919037
40,1687773662.6093626
41,1687773670.6252913
42,1687773678.6223903
43,1687773686.640355
44,1687773694.6462235
45,1687773702.670535
46,1687773710.6644523
47,1687773718.682568
48,1687773726.6892767
49,1687773734.7005618
50,1687773742.6939595
51,1687773750.708285
52,1687773758.715824
53,1687773766.7290564
54,1687773774.7211392
55,1687773782.7498665
56,1687773790.751782
57,1687773798.755527
58,1687773806.7748997
59,1687773814.7764895
60,1687773822.778318
61,1687773830.7875412
62,1687773838.8097172
63,1687773846.8208642
64,1687773854.8298306
65,1687773862.826571
66,1687773870.8444974
67,1687773878.8486197
68,1687773886.8461895
69,1687773894.8675606
70,1687773902.8777676
71,1687773910.882282
72,1687773918.8801723
73,1687773926.89977
74,1687773934.9002388
75,1687773943.0222664
76,1687773950.9255106
77,1687773958.9264972
78,1687773966.9427702
79,1687773974.9670339
80,1687773982.9723675
81,1687773990.9721193
82,1687773998.9811342
83,1687774006.980875
84,1687774015.0067694
85,1687774023.015223
86,1687774031.0235145
87,1687774039.023817
88,1687774047.045198
89,1687774055.0747716
90,1687774063.0902534
91,1687774071.0684824
92,1687774079.0918396
93,1687774087.0903912
94,1687774095.1074915
95,1687774103.1040053
96,1687774111.1111712
97,1687774119.1345615
98,1687774127.132377
99,1687774135.1335206
