id,send_time
0,1687773341.935698
1,1687773349.9417198
2,1687773357.950937
3,1687773365.9537897
4,1687773373.9616797
5,1687773381.9651728
6,1687773389.976658
7,1687773397.9836545
8,1687773405.99523
9,1687773414.0030513
10,1687773422.0153654
11,1687773430.0252013
12,1687773438.0291548
13,1687773446.0319061
14,1687773454.0374157
15,1687773462.0466697
16,1687773470.0575984
17,1687773478.0576103
18,1687773486.0676687
19,1687773494.0716562
20,1687773502.0794508
21,1687773510.0796776
22,1687773518.0885656
23,1687773526.0939488
24,1687773534.102482
25,1687773542.105235
26,1687773550.107593
27,1687773558.1098378
28,1687773566.1251662
29,1687773574.1405923
30,1687773582.151716
31,1687773590.1558454
32,1687773598.1613526
33,1687773606.1773536
34,1687773614.189458
35,1687773622.20328
36,1687773630.2093642
37,1687773638.2245796
38,1687773646.2374492
39,1687773654.252242
40,1687773662.2632842
41,1687773670.2775564
42,1687773678.2804751
43,1687773686.295324
44,1687773694.308431
45,1687773702.3220723
46,1687773710.3313525
47,1687773718.338477
48,1687773726.3485682
49,1687773734.355919
50,1687773742.3586562
51,1687773750.3700857
52,1687773758.3744993
53,1687773766.3831663
54,1687773774.3857296
55,1687773782.3991702
56,1687773790.409244
57,1687773798.4241807
58,1687773806.4317064
59,1687773814.437824
60,1687773822.4425871
61,1687773830.4460804
62,1687773838.4586184
63,1687773846.4706397
64,1687773854.4858572
65,1687773862.4891696
66,1687773870.4947877
67,1687773878.5009618
68,1687773886.506465
69,1687773894.5141563
70,1687773902.5304146
71,1687773910.5313413
72,1687773918.5385308
73,1687773926.553473
74,1687773934.5553586
75,1687773942.5676641
76,1687773950.5776613
77,1687773958.5892053
78,1687773966.5986228
79,1687773974.6144006
80,1687773982.6287305
81,1687773990.6326904
82,1687773998.6363933
83,1687774006.644988
84,1687774014.6547146
85,1687774022.6691906
86,1687774030.6778116
87,1687774038.6904497
88,1687774046.704589
89,1687774054.718637
90,1687774062.7335293
91,1687774070.737582
92,1687774078.7438695
93,1687774086.7503765
94,1687774094.7627895
95,1687774102.7729065
96,1687774110.7740452
97,1687774118.7835906
98,1687774126.7945201
99,1687774134.7978508
